{
"coords":
	{
		"BD": [23.6943118, 90.34435205],
		"WF": [-13.772670250000001, -177.1532965],
		"BF": [12.239499949999999, -1.5584094000000732],
		"BG": [42.7252856, 25.48330390000001],
		"BA": [43.9165165, 17.672150750000014],
		"BB": [13.19006275, -59.5355639],
		"BE": [50.501078899999996, 4.476459449999993],
		"BL": [17.9158409, -62.850530100000014],
		"BM": [32.3191775, -64.76708274999999],
		"BN": [4.542577, 114.71981275000007],
		"BO": [-16.2837065, -63.5493965],
		"BH": [25.9551168, 50.60149845000001],
		"BI": [-3.3896077, 29.925582899999995],
		"BJ": [9.3221215, 2.310005100000012],
		"BT": [27.5314205, 90.43585280000002],
		"JM": [18.115517349999998, -77.2760025],
		"JO": [31.279861949999997, 37.12974540000005],
		"WS": [-13.755495400000001, -172.10452735],
		"BQ": [14.837399300000001, -65.68336999999997],
		"BR": [-14.240073199999998, -51.66390245000002],
		"BS": [24.08774655, -76.59350755000003],
		"JE": [49.21112655, -2.1326329500000156],
		"BY": [53.71694145000001, 27.977578949999952],
		"BZ": [17.1907805, -88.35965744999999],
		"RU": [61.5217375, 105.29690359999995],
		"RW": [-1.9437057000000002, 29.880577750000043],
		"RS": [44.2107675, 20.922415750000027],
		"LT": [55.17359979999999, 23.894979649999982],
		"RE": [-21.1306888, 55.52647950000005],
		"LU": [49.815299499999995, 6.133320000000026],
		"TJ": [38.8581784, 71.2479841500001],
		"RO": [45.94194665, 25.009430549999934],
		"TK": [-8.9881624, -171.85092595000003],
		"GW": [11.772346299999999, -15.16961994999997],
		"GU": [13.4502077, 144.7874584],
		"GT": [15.7778593, -90.22872554999998],
		"GS": [-56.729618099999996, -32.25625635],
		"GR": [38.27503935000001, 24.508785049999915],
		"GQ": [1.1640981, 8.467833449999944],
		"GP": [16.173094850000002, -61.40537734999998],
		"JP": [34.78440825, 138.46063034999997],
		"GY": [4.85567585, -58.9530125],
		"GG": [49.566219450000006, -2.417013949999955],
		"GF": [3.9332382500000005, -53.08757424999999],
		"GE": [32.678124950000004, -83.22297574999999],
		"GD": [12.2575279, -61.59036265000003],
		"GB": [52.837932599999995, -2.3274331000000075],
		"GA": [-0.8201314, 11.609804499999996],
		"GN": [9.9327629, -11.35802954999997],
		"GM": [13.4457859, -15.30612085000007],
		"GL": [71.693491, -42.17369144999998],
		"GI": [36.131976800000004, -5.352917400000024],
		"GH": [7.95277065, -1.0307117500000231],
		"OM": [21.52786525, 55.91969960000006],
		"TN": [33.79316045, 9.560765349999997],
		"BW": [-22.342841, 24.687104350000027],
		"HR": [44.4737443, 16.468871799999988],
		"HT": [19.055846250000002, -73.05133215000001],
		"KN": [17.25617915, -62.702155699999935],
		"HK": [22.357678149999998, 114.12101705000009],
		"HN": [15.200664149999998, -86.24134104999996],
		"VE": [6.56711155, -66.57861200000002],
		"PR": [18.1987193, -66.58634385000005],
		"PY": [-23.43802035, -58.448306549999984],
		"IQ": [33.221070000000005, 43.68475955000008],
		"PA": [8.4256677, -80.10536454999999],
		"PF": [-15.9009014, -146.30052545],
		"PG": [-6.2645902, 150.16746415],
		"PE": [-9.1951786, -74.99041654999996],
		"PK": [30.38940075, 69.35322070000007],
		"PH": [12.09373415, 121.65365150000002],
		"PN": [-24.497138, -127.76146889999995],
		"PL": [51.918918649999995, 19.134378649999917],
		"PM": [46.946688, -56.262284850000015],
		"ZM": [-13.14035075, 27.849304849999953],
		"EE": [58.60480930000001, 24.987226050000004],
		"NA": [-22.967062049999996, 18.49299929999995],
		"EG": [26.8357675, 30.795659699999987],
		"ZA": [-28.47926255, 24.675911600000063],
		"EC": [-1.6635698499999998, -83.60092125],
		"AL": [41.1529058, 20.16057180000007],
		"AO": [-11.213524150000001, 17.87700314999995],
		"KZ": [48.005284, 66.90454345],
		"EU": [58.29998485, 23.049300000000017],
		"ET": [9.14917505, 40.49886695000009],
		"ZW": [-19.016921099999998, 29.15280180000002],
		"SA": [24.266906, 45.10784895000006],
		"ES": [40.4378271, -3.6795366999999715],
		"ER": [15.18796645, 39.788162549999925],
		"ME": [42.7042369, 19.395778549999932],
		"MG": [-18.7792678, 46.83445974999995],
		"MF": [18.085854750000003, -63.061859700000014],
		"MA": [31.79458685, -7.08493354999996],
		"MC": [43.7383229, 7.424458149999964],
		"UZ": [41.38116599999999, 64.57358195000006],
		"MM": [19.07343715, 96.67103985000006],
		"ML": [17.5739115, -3.986109199999987],
		"MO": [22.163417799999998, 113.56294255],
		"MN": [46.86510825, 103.83478444999992],
		"MH": [9.623105299999999, 166.48406984999997],
		"US": [38.498779, -98.32007795000004],
		"UM": [14.007625299999999, -176.6929925],
		"MT": [35.94397885, 14.379424799999924],
		"MW": [-13.2512161, 34.30152780000003],
		"MV": [3.2013475499999995, 73.1789258],
		"MQ": [14.6336817, -61.01981039999998],
		"MP": [17.3319324, 145.47550675000002],
		"MS": [16.749373900000002, -62.19284645000005],
		"MR": [21.007858849999998, -10.951733999999988],
		"IM": [54.23127159999999, -4.569504099999904],
		"UG": [1.3707294999999997, 32.30324139999993],
		"MY": [4.1086445000000005, 109.4531925],
		"MX": [23.6266557, -102.53750059999999],
		"IL": [31.411725700000005, 35.08181549999995],
		"FR": [46.215746949999996, 2.2094198500000175],
		"IO": [-6.33985775, 71.86562509999999],
		"FI": [64.89775660000001, 26.067255349999982],
		"FJ": [-16.57448275, 179.33969379999996],
		"FK": [-51.814277849999996, -59.53191030000005],
		"FO": [61.8925022, -6.971734400000059],
		"NI": [12.86916525, -85.14157004999998],
		"NL": [52.1532025, 5.292736099999956],
		"NO": [63.418736200000005, 10.438762150000002],
		"SO": [5.1632865, 46.20370085000002],
		"NC": [-21.21072835, 165.8517015],
		"NE": [17.596878099999998, 8.082850600000029],
		"NF": [-29.06598785, 167.9565730500001],
		"NG": [9.07775105, 8.67745674999992],
		"NZ": [-40.92538024999999, 175.0189504],
		"NP": [28.397362299999998, 84.12576000000001],
		"NR": [-0.52841445, 166.93423835],
		"NU": [-19.054268200000003, -169.8620868],
		"CK": [-15.4378712, -161.59997655],
		"CI": [7.5455112, -5.547545000000014],
		"CH": [46.813187299999996, 8.224209999999971],
		"CO": [4.58512, -74.2939265],
		"CN": [35.857247799999996, 104.1361118499999],
		"CM": [7.36961745, 12.344585600000073],
		"CL": [-33.66829815, -70.36337200000003],
		"CC": [-12.01554145, 96.8733671],
		"CA": [62.3958085, -96.81063929999999],
		"CG": [-0.66057885, 14.89657944999999],
		"CF": [6.6194073, 20.936701650000032],
		"CZ": [49.80376335, 15.474912500000073],
		"CY": [35.169751500000004, 33.43660384999998],
		"CX": [-10.49123105, 105.62298175000001],
		"CR": [8.3594171, -84.82358514999999],
		"HU": [47.1611615, 19.505382699999927],
		"CW": [12.18523545, -68.90113895000002],
		"CV": [16.003819, -24.00938629999996],
		"CU": [21.55132575, -79.60173884999995],
		"SZ": [-26.517941399999998, 31.46296940000002],
		"SY": [34.815852449999994, 39.046452300000055],
		"SX": [18.034718849999997, -63.068111399999964],
		"KG": [41.22280549999999, 74.73877864999997],
		"KE": [0.17686959999999985, 37.908326450000004],
		"SS": [7.8626845, 29.694923249999988],
		"SR": [3.9232945999999997, -56.01076515],
		"KI": [-3.3732803499999995, -170.33661669999998],
		"KH": [11.98349355, 104.9806145],
		"SV": [13.802993950000001, -88.90528104999999],
		"KM": [-11.8892303, 43.87999560000003],
		"ST": [0.84388395, 6.961469650000026],
		"SK": [48.67248205, 19.69623189999993],
		"SJ": [75.8307495, 12.209476349999932],
		"SI": [46.149166449999996, 14.986010699999952],
		"SH": [38.5047645, -122.46562800000004],
		"KW": [29.314072799999998, 47.49174894999999],
		"SN": [14.50017175, -14.43922765000002],
		"SM": [43.942878, 12.46009325],
		"SL": [8.44949885, -11.786828850000006],
		"SC": [-7.2184094000000005, 51.24603939999997],
		"SB": [-9.2263492, 161.38466070000004],
		"KY": [19.5099038, -80.5715308],
		"SG": [1.3185839000000001, 103.84556640000005],
		"SE": [62.1983367, 17.56488945000001],
		"SD": [15.7860696, 30.199579099999937],
		"DO": [18.7009047, -70.16545835],
		"DM": [15.423873, -61.36006679999997],
		"DJ": [11.822669900000001, 42.588347649999946],
		"DK": [56.155467, 11.634745000000066],